{
  "timestamp": "2026-04-03T10:44:34.970920",
  "data": {
    "F1": 628.0858508399999,
    "F2": 8.590061528279769,
    "F3": 25.0,
    "F4": 15.0,
    "F5": 2.7450201379043415,
    "L1": 299.824550498,
    "L2": 269.0867744945,
    "L3": 3.4859999999999998,
    "V1": 60.44561227451383,
    "V2": 3.0222806137256915,
    "V3": 3.3133683682354147,
    "V4": 7.66,
    "V5": 5.745,
    "V6": 8.57,
    "P1": 1,
    "P2": 1,
    "P3": 0,
    "P4": 1,
    "P5": 0,
    "M1": 2.5,
    "M2": 50.5,
    "M3": 1.2,
    "M4": 0.8,
    "M5": 55,
    "M6": 60
  }
}